R2,RMSE,MAE,MedAE,MaxError,ExplainedVariance,sMAPE_percent,NRMSE_range,NRMSE_std,MASE
-599.2968066415339,127.01462805721907,98.5292965677658,86.3860679431521,315.42376708984375,-535.3580421445218,179.18061446480354,3.5463687752326383,24.50095521423483,96.23545593520821
