R2,RMSE,MAE,MedAE,MaxError,ExplainedVariance,sMAPE_percent,NRMSE_range,NRMSE_std,MASE,Dataset
0.9022571444511414,327.19273515391507,132.05238342285156,12.708648204803467,4051.154296875,0.902702121635032,116.21065118149802,0.06840742946975677,0.31263855373591715,1.0357961050541362,Primary_Internal_Test
-599.2968066415339,127.01462805721907,98.5292965677658,86.3860679431521,315.42376708984375,-535.3580421445218,179.18061446480354,3.5463687752326383,24.50095521423483,96.23545593520821,UniSolar_External_Raw_Target
