R2,RMSE,MAE,MedAE,MaxError,ExplainedVariance,sMAPE_percent,NRMSE_range,NRMSE_std,MASE
0.9022571444511414,327.19273515391507,132.05238342285156,12.708648204803467,4051.154296875,0.902702121635032,116.21065118149802,0.06840742946975677,0.31263855373591715,1.0357961050541362
