Dataset,q10,q30,q70,q90
Primary,0.0,0.0,345.0,2310.0
UniSolar,0.4870677274816177,2.5988825334821426,9.443469270992422,14.203599047950407
